Token	UniLemma	AoA	AdjustedDiversity	Diversity	LogFreq	LexicalClass	NChars	Concreteness	MLU
a	a	26.493790222609	93.8262788681832	4781	3.10892312073637	function_words	1	1.46	7.99627128772035
a	a lot	28.2828143853262	93.8262788681832	4781	3.10892312073637	function_words	1	1.46	7.99627128772035
about	about	31.7537216707999	249.851341521377	2975	0.910759949488298	function_words	5	1.77	8.54691284922216
above	above	31.996012013842	51.4978155836108	212	-3.4939695684217	function_words	5	3.33	14.625550660793
after	after	28.6666498673792	362.129752345363	1482	-0.786213096209842	other	5	2.12	10.2917156286722
airplane	airplane	19.7297833506531	-41.7555037042144	496	-1.87140236454581	nouns	8	4.96	7.30695652173913
all	all	25.9300732980303	362.093638641662	3501	1.29094911651729	function_words	3	2.27	8.87511961722488
all	all gone	18.5061439268886	362.093638641662	3501	1.29094911651729	adjectives	3	2.27	8.87511961722488
alligator	alligator	24.8267585911599	66.6468448818345	289	-3.06671710612863	nouns	9	4.96	6.75
am	am	28.3922066030469	39.6932687955497	902	-1.18874479065688	function_words	2	1.96	6.73857644991213
and	and	26.6271234762757	372.486184203368	4826	2.73762991915	function_words	3	1.52	11.0802979773918
animal	animal	23.8011674693858	128.302999866215	714	-1.75111040158666	nouns	6	4.61	9.36237471087124
ankle	ankle	29.0034846160477	18.7864941545756	52	-5.51772220424095	nouns	5	4.81	6.73333333333333
another	another	27.5648207502321	35.7218938131471	1727	-0.0891078367450563	function_words	7	2.69	6.72553035844916
ant	ant	24.2257472229317	47.8090881216418	159	-3.97015969552494	nouns	3	4.86	6.21985815602837
any	any	28.9054625472239	206.15509811936	2045	0.0662752320881937	function_words	3	1.72	9.45716432865732
apple	apple	17.7821028574508	-134.053493843576	646	-1.33770975970676	nouns	5	5	6.48138704742478
applesauce	applesauce	24.7577975548087	32.0589592405588	176	-3.63571585716512	nouns	10	4.96	4.74619289340102
are	are	28.8463834048316	-56.261329799383	3688	1.88194087965253	function_words	3	1.96	6.76444571265516
arm	arm	21.4050179349146	59.1788671244414	499	-2.15042637425448	nouns	3	4.96	7.57816091954023
around	around	29.0111377811302	311.778640270666	1854	-0.253996282462533	function_words	6	1.96	9.4247757073844
asleep	asleep	24.1638529214999	100.763254503086	358	-2.87391427186709	adjectives	6	3.71	7.74170616113744
at	at	27.7919786915116	247.452545482461	3525	1.42095017737591	function_words	2	2.07	8.7045439855213
aunt	aunt	25.1724046143809	138.36527486565	337	-3.21513711124691	other	4	4.17	7.5
awake	awake	25.4521194966572	42.3754903703673	156	-3.94218584348253	adjectives	5	3.32	6.80689655172414
away	away	26.4395989187419	58.3826594094562	1524	-0.342514534855023	function_words	4	2.23	8.52214891611687
baa	baa baa	15.9901310012007	-177.812914154306	89	-2.82534981585797	other	3	3.99344236760125	2.84424379232506
baby	baby	15.2527500243513	-536.470306110352	2149	0.874474043835948	other	4	5	6.65900083728719
babysitter	babysitter	30.6341572807758	45.5569726197216	92	-5.09027818941401	other	10	4.57	8.26086956521739
babysitter's	babysitter's name	24.4912504352366	45.5569726197216	92	-5.09027818941401	other	12	3.99344236760125	8.26086956521739
back	back (location)	25.6171537518064	-44.0553655998224	2428	0.678382422616681	function_words	4	4.33	8.41269949066214
backyard	yard	26.2913344388513	94.8747017283616	203	-4.00626470016705	nouns	8	4.82	11.4117647058824
bad	bad	24.4276963986028	19.8170477475846	1036	-0.93855382079186	adjectives	3	1.68	7.31303455354088
ball	ball	11.6410937631458	-416.442525588934	956	-0.454283645225545	nouns	4	5	5.84295952782462
balloon	balloon	16.8372411365929	-125.404405092059	505	-1.64652119333306	nouns	7	4.92	8.28888888888889
banana	banana	15.7031641169036	21.2172702547679	422	-2.27773741616252	nouns	6	5	5.73629242819843
basement	basement	32.6024596487717	36.4910603169101	144	-4.01364480746468	nouns	8	4.89	9.04444444444444
basket	basket	24.7839402029377	65.9186502796708	459	-2.30419398569935	nouns	6	5	8
bat	bat	25.2841238847734	49.3873364385893	260	-3.13817607011078	nouns	3	5	6.94135802469136
bath	bath	17.6561663648038	-128.83955874056	710	-1.23000624903831	other	4	4.85	8.49175824175824
bathroom	bathroom	23.0113076489698	69.3136080988702	211	-3.65622939699822	nouns	8	4.52	9.31088082901554
bathtub	bathtub	21.6196880956656	63.607381382227	163	-4.11489854116985	nouns	7	4.92	8.25409836065574
be	be	29.7652329185189	396.769140731984	3397	1.16267231013695	function_words	2	1.85	9.14419013347839
beach	beach	26.1241715442965	54.6782847392504	429	-2.37070048314073	other	5	4.79	8.75931232091691
beads	beads	28.7608778504267	53.4291821541229	222	-3.42998185974642	nouns	5	3.99344236760125	6.13223140495868
beans	beans	24.062412790842	79.5219482369037	420	-2.49892465775596	nouns	5	3.99344236760125	6.49511400651466
bear	bear	18.5927391275815	-337.237645685618	912	-0.610227669064209	nouns	4	4.88	7.94087213599409
because	because	29.6012765542288	496.282756849788	2379	0.111216985250123	function_words	7	1.22	12.1857262603281
bed	bed	20.2208143189425	-180.922014050537	1039	-0.64890652362932	nouns	3	5	8.51856594110115
bedroom	bedroom	24.7136280937142	47.3372501967315	106	-4.79178520085801	nouns	7	4.9	8.14516129032258
bee	bee	20.5978715046814	-36.2211019404298	434	-2.05825591445482	nouns	3	4.88	5.79769392033543
before	before	30.6874132992735	432.37005508225	1584	-0.741684700392914	other	6	1.96	10.8215790952515
behind	behind	28.3154941090212	92.8396604090173	763	-1.55881561291395	function_words	6	3.48	7.13676844783715
belly	belly button	19.985004028614	26.1882716998172	345	-2.58741773600942	nouns	5	4.8	5.76156583629893
belt	belt	25.480229067623	64.8734015644696	227	-3.48084027697991	nouns	4	4.9	7.40434782608696
bench	bench	29.7300775011599	22.1883615726603	153	-3.75986428668858	nouns	5	4.87	7.42528735632184
beside	beside	32.3120989679729	125.4413436616	251	-3.81297411200253	function_words	6	2.59	8.54545454545454
better	better	26.4190726818724	63.1628631638109	1493	-0.384869277420446	adjectives	6	1.91	8.00255653883973
bib	bib	23.1436971296472	15.0299936012919	204	-3.28056491656936	nouns	3	4.79	6.09252669039146
bicycle	bicycle	21.1853671212386	39.4146184579387	252	-3.12590597751896	nouns	7	4.89	8.05487804878049
big	big	21.9556631730323	205.339542365072	2510	0.522373764278768	adjectives	3	3.66	7.881012859184
bird	bird	16.5159566403176	-33.3268259481997	831	-1.18523601512721	nouns	4	5	7.03590192644483
bite	bite	21.6083884504418	-161.735016058485	628	-1.31951825248729	verbs	4	4.44	6.16825237856785
black	black	25.4553062946012	127.872863330632	765	-1.63135894559338	adjectives	5	3.76	7.67647058823529
blanket	blanket	20.0107719830472	68.4078361337226	481	-2.23806490711289	nouns	7	5	7.92346298619824
block	block	20.9816920765511	34.571420518116	423	-2.32041055728859	nouns	5	4.48	6.28610354223433
blow	blow	23.4568894916945	-63.40514664789	469	-1.88541310161541	verbs	4	3.74	6.48853615520282
blue	blue	22.4171957979991	-98.1111223341932	955	-0.882993216011315	adjectives	4	3.76	6.19708737864078
boat	boat	20.1795506221652	11.9135655885647	548	-1.87575966991477	nouns	4	4.93	7.26200873362445
book	book	15.4341911889	-486.656188592733	1587	0.301371116926245	nouns	4	4.9	7.7270297029703
boots	boots	22.0418508875805	15.3961918752288	338	-2.5715303762471	nouns	5	5	10.6935201401051
bottle	bottle	18.2488874232889	-104.127159341338	728	-1.24198244008503	nouns	6	4.91	6.92585727525487
bowl	bowl	22.1147367677002	15.1311438152933	532	-1.92682315848722	nouns	4	4.87	8.12867647058824
box	box	21.7522312035213	-176.356604579346	960	-0.762983247930713	nouns	3	4.9	7.71727898966705
boy	boy	22.7424872687137	-253.115005985524	1551	0.0303157284717479	other	3	4.76	6.1763178395222
bread	bread	21.1716513707836	-37.3505515111951	740	-1.34282224528	nouns	5	4.92	7.09431060994362
break	break	24.194304329241	31.4479992084388	643	-1.6898057081098	verbs	5	3.71	7.41624365482233
breakfast	breakfast	23.6457144980574	23.9011722473444	646	-1.66544920321858	other	9	4.43	7.29228591648974
bring	bring	26.1411534489263	72.2288145539412	1108	-0.908892057421372	verbs	5	2.55	8.98439056791764
broken	broken	22.9675415825531	39.1101667150239	544	-1.95952107376913	adjectives	6	4.11	6.75783475783476
broom	broom	23.2708207223806	87.9151992886536	266	-3.35823795488758	nouns	5	4.89	7.61538461538461
brother	brother	26.6524634534549	175.526225009644	750	-1.77846654280195	other	7	4.43	9.54992076069731
brown	brown	26.2699679804842	101.316089294208	669	-1.7952468006985	adjectives	5	4.48	7.0290088638195
brush	brush (object)	21.4347173761505	-79.0036031782818	446	-1.90500411109258	nouns	5	4.54	6.52877697841727
bubbles	bubbles	17.7529452444048	40.6401150072568	307	-2.82760970382541	nouns	7	3.99344236760125	5.88461538461539
bucket	bucket	25.4326708289331	42.8157755841107	189	-3.61561467784403	nouns	6	4.96	7.8407960199005
bug	bug	20.9476623860306	63.5219482369037	404	-2.49892465775596	nouns	3	5	6.0700325732899
build	build	26.5186306344661	-99.3451878104963	539	-1.62862670345651	verbs	5	3.71	7.68963165075034
bump	bump	25.3596744370477	-50.5436462255901	267	-2.59277011274801	verbs	4	4.1	8.2093023255814
bunny	bunny	20.0477884179373	-81.6300723935281	794	-1.16572531601877	nouns	5	4.97	6.08759124087591
bus	bus	20.440271204731	-108.299591144672	623	-1.43230627276315	nouns	3	4.9	8.32455156950673
but	but	30.9925059684233	418.056640943225	3413	1.15780673281859	function_words	3	2.04	11.28036833032
butter	butter	23.9132148615197	17.9122232309479	558	-1.86533385870943	nouns	6	4.9	7.12878133102852
butterfly	butterfly	22.5359372440021	-81.8449966276496	322	-2.26734771231338	nouns	9	4.93	6.41602067183463
buttocks	butt	21.7126580867076	3.72573117706765	6	-8.91891958590311	nouns	8	4.75	16
button	button	21.7891701261305	-33.1484608818249	447	-2.02932827754864	nouns	6	4.96	6.9877800407332
buy	buy	26.7406401342122	157.114713687386	914	-1.38202245633694	verbs	3	3.35	9.36513859275053
by	by	28.3388159433933	610.278805096681	1881	-0.58228949826596	function_words	2	1.55	10.2714422616195
bye	bye	11.4314562287803	-311.359378424159	448	-1.377236486021	other	3	2.25	3.34164456233422
cake	cake	21.623446240488	-43.745351434319	720	-1.36878424341468	nouns	4	4.81	9.28984744871121
call	call on phone	23.150136836565	181.342339074657	1184	-0.959294280804991	other	4	4	8.09605309116312
camera	camera	24.9106280993854	41.8599225392873	270	-3.03281555445295	nouns	6	5	6.11388888888889
camping	camping	31.1771715441549	69.8090881216418	181	-3.97015969552494	other	7	4	8.73049645390071
can	can (auxiliary)	26.8282298366506	-257.282555726365	3621	2.02465031311073	function_words	3	4.55	7.74233508278994
can	can (object)	26.708921114285	-257.282555726365	3621	2.02465031311073	nouns	3	4.55	7.74233508278994
candy	candy	22.0212839682481	109.637559739517	480	-2.38513074796976	nouns	5	4.83	7.25290697674419
car	car	16.9336238438949	-260.307100825497	1368	-0.157682779064917	nouns	3	4.89	7.59730492008775
careful	careful	25.5229836600952	-252.423542800159	568	-1.26305556828705	adjectives	7	1.86	4.56270705158542
carrots	carrots	23.2568251710495	97.2517798096949	402	-2.64793115404481	nouns	7	3.99344236760125	7.33270321361059
carry	carry	24.8694535207068	136.816639131512	459	-2.57328322507451	verbs	5	4.04	8.9280701754386
cat	cat	17.2652846797865	-102.57590575571	1086	-0.691009748305624	nouns	3	4.86	7.13888888888889
catch	catch	24.8509991998847	-27.2569640881749	601	-1.65139415807493	verbs	5	4.11	6.84508025122121
cereal	cereal	21.5491096862766	22.7597385785018	471	-2.12433300502661	nouns	6	4.83	6.68533034714446
chair	chair	20.3192818850054	-243.870247654637	876	-0.786213096209842	nouns	5	4.58	7.2376615746181
chalk	chalk	26.5871597508559	61.4298952365172	198	-3.70398382829412	nouns	5	4.9	7.03260869565217
chase	chase	27.3469498649482	96.5752413744343	232	-3.71491289882631	verbs	5	3.48	8.93406593406593
cheek	cheek	22.84819882583	50.5104843774568	131	-4.38632009274985	nouns	5	4.83	6.82795698924731
cheerios	cheerios	23.0156491166531	64.1175615018117	250	-3.30214848823654	nouns	8	3.99344236760125	5.84
cheese	cheese	17.6610828842689	-167.593871156445	784	-1.03962810082084	nouns	6	4.7	7.38417865253596
chicken	chicken (animal)	22.3186256609714	20.0918586500766	757	-1.42115788528054	nouns	7	4.8	6.17960088691796
chicken	chicken (food)	22.1642359548915	20.0918586500766	757	-1.42115788528054	nouns	7	4.8	6.17960088691796
child	child	31.0040189464422	228.098848583821	809	-1.76274294842249	other	5	4.78	7.86739469578783
child's	child's own name	19.3983208259916	228.098848583821	809	-1.76274294842249	other	7	3.99344236760125	7.86739469578783
chin	chin	23.365460798091	42.6215363310697	186	-3.64080492667259	nouns	4	4.89	6.5765306122449
chocolate	chocolate	24.4025988147643	-34.6871121448899	600	-1.63684592780964	nouns	9	4.72	9.41678129298487
choo	choo choo	18.8127665804224	-144.077541945751	69	-3.12286183513773	other	4	3.99344236760125	5.70212765957447
church	church	26.5177301848858	47.4426987811837	287	-2.96827703331538	other	6	4.9	9.03645833333333
circus	circus	29.9463987376597	60.1503787253521	303	-2.95021202591774	other	6	4.43	8.38107416879795
clap	clap	23.1668555998129	-187.428579481884	201	-2.32041055728859	verbs	4	4.16	5.51226158038147
clean	clean (action)	23.5574360526814	-29.8725074885168	779	-1.28409890815756	verbs	5	3.07	7.39149347510875
clean	clean (description)	23.2775910903726	-29.8725074885168	779	-1.28409890815756	adjectives	5	3.07	7.39149347510875
climb	climb	25.0692634374644	70.6175249399096	402	-2.5354129510191	verbs	5	4.11	8.40371621621622
clock	clock	22.3559457515748	-26.3667825467783	473	-1.97483237767358	nouns	5	5	6.274831243973
close	close	23.8629546782738	-122.829617269369	798	-1.08968704835951	verbs	5	3.2	6.6199761241544
closet	closet	25.4995796075156	16.3016247340088	243	-3.04118380412347	nouns	6	4.83	8.62745098039216
cloud	cloud	24.8506678381903	48.5990447245582	108	-4.77578485951157	nouns	5	4.54	8.65079365079365
clown	clown	26.4991887788639	28.1109073961084	369	-2.49729731809659	other	5	4.9	5.91382113821138
coat	coat	22.1615920214376	73.7000718473801	415	-2.49567262236959	nouns	4	4.97	7.07305194805195
cockadoodledoo	cockadoodledoo	24.5056883885039	-6.73621877071495	5	-6.83947804422327	other	14	3.99344236760125	1.875
coffee	coffee	24.3609704725975	-109.496908020572	578	-1.52197098328209	nouns	6	4.81	6.12998160637646
coke	coke	27.9402421481446	73.4200831670946	184	-3.9772771632938	nouns	4	4.83	6.92142857142857
cold	cold	20.6232053254928	-75.4795361094866	718	-1.31253219613045	adjectives	4	3.85	6.62605668821482
comb	comb (object)	24.3533060207692	-10.5948752447131	292	-2.65742790158206	nouns	4	5	6.68320610687023
cook	cook	24.5620419192176	-43.9877725615896	561	-1.70515127778446	verbs	4	4.32	7.47569955817379
cookie	cookie	17.5890207207186	-229.297697613848	767	-0.969122369741254	nouns	6	5	5.80705467372134
corn	corn	23.4559742910465	68.579461012539	609	-1.86446992777017	nouns	4	4.96	7.2020725388601
couch	couch	23.8727284308238	48.5089577456972	327	-2.76831681745683	nouns	5	4.71	8.45415778251599
could	could	31.6435554418486	380.212873442877	2408	0.256415176874261	function_words	5	1.34	9.81772990886495
country	country	33.4646969420651	76.5403165051431	252	-3.37765604074468	other	7	4.17	10.321568627451
cover	cover (action)	27.1973295596398	61.6106991074903	426	-2.40717425625838	verbs	5	4.23	7.91233283803863
cow	cow	19.4547474534203	-218.491297370795	626	-1.21998338608966	nouns	3	4.96	6.33816863100635
cowboy	cowboy	29.615801158675	106.922458054249	320	-3.12286183513773	other	6	4.72	6.21580547112462
cracker	cracker	18.6081115591994	-0.609073950108552	308	-2.63106102574132	nouns	7	4.96	6.01301115241636
crayon	crayon	22.5341914122307	8.27496498662384	271	-2.8458750518027	nouns	6	4.87	6.11059907834101
crib	crib	25.0951675565131	96.1040476920824	262	-3.45085944476798	nouns	4	4.86	9.91561181434599
cry	cry	22.7518345222922	5.81324828260256	388	-2.34245001685488	verbs	3	4	6.42200557103064
cup	cup	19.058959973018	-220.491798222019	757	-0.998473080760499	nouns	3	5	6.92916818016709
cut	cut	25.8174658674902	28.9029900551425	868	-1.22954847837342	verbs	3	4.55	8.48649885583524
cute	cute	26.6098940883074	-126.486605245831	486	-1.68763258157549	adjectives	4	2.76	5.089001447178
dance	dance	22.8829281113928	30.6277303254846	436	-2.26219306172471	verbs	5	4.32	6.52185089974293
dark	dark	25.2402264798925	72.884325640544	408	-2.5203246513679	adjectives	4	4.29	7.99500831946755
day	day	27.8318542771905	206.392345834044	1481	-0.5772709670018	other	3	3.92	10.3709177592372
deer	deer	25.8070549989074	12.1950546498159	236	-3.05813336243724	nouns	4	4.86	8.10826210826211
diaper	diaper	18.8869569694627	-56.192957357158	404	-2.08804535125693	nouns	6	4.82	6.98704103671706
did	did	27.41663865858	-229.193049112805	3451	1.81571466784974	function_words	3	2.45	7.29064221781833
dinner	dinner	23.8847915067664	-10.0133755525419	763	-1.35105698043922	other	6	4.5	7.92041343669251
dirty	dirty	21.7760785576629	-19.8365132568003	570	-1.74113716970791	adjectives	5	4.23	7.03587786259542
dish	dish	26.3997307354775	107.957852044909	323	-3.11077709592266	nouns	4	4.9	9.13513513513514
do	do	24.1666304327609	-226.31201543305	4360	2.9398695916842	function_words	2	2.46	7.55597540351399
doctor	doctor	24.1573770517715	118.585282024477	653	-1.88013604451457	other	6	4.69	8.50877192982456
does	does	30.2310579626043	-76.5589180975235	3023	1.25440424593921	function_words	4	2.24	7.37339186867723
dog	dog	13.0595355220417	-19.3288006615398	1280	-0.545596764906571	nouns	3	4.85	7.50877598152425
doll	doll	21.5134175095048	81.3979305813253	792	-1.47408631201091	nouns	4	5	8.84979544126242
don't	don't	25.3795558519526	-226.31201543305	4360	2.9398695916842	function_words	5	3.99344236760125	7.55597540351399
donkey	donkey	27.815731606156	-21.0777749127256	299	-2.58209385475667	nouns	6	5	6.5858407079646
donut	donut	25.9070698932147	25.7850993998771	91	-4.65623970886179	nouns	5	4.93	6.23943661971831
door	door	19.6688227096727	-130.433849145901	906	-0.907896206716665	nouns	4	4.81	8.35036496350365
down	down	19.2035773975515	-57.9040883707639	2587	0.837343246876497	function_words	4	3.52	7.58226161510833
downtown	downtown	32.1026161456934	26.6440934226498	94	-4.61485449269894	other	8	4.39	7.62162162162162
draw	draw	24.9101795297672	-92.0238171968641	624	-1.46304289841128	verbs	4	3.97	7.11445086705202
drawer	drawer	26.7447260752638	60.4310484852932	254	-3.24903866292259	nouns	6	4.67	8.26551724137931
dress	dress (object)	24.8512608095981	101.608680609582	544	-2.14241259353092	nouns	5	4.93	8.65108323831243
drink	drink (action)	20.7711637864562	-318.630972470353	806	-0.779479064028497	verbs	5	4.76	7.30405602567844
drink	drink (beverage)	20.6867675468375	-318.630972470353	806	-0.779479064028497	nouns	5	4.76	7.30405602567844
drive	drive	24.3793231246253	41.5780619212745	581	-1.86706396294721	verbs	5	3.86	8.14632034632035
drop	drop	25.3085618021475	95.6981465516297	409	-2.61082114439358	verbs	4	4.21	7.06921675774135
dry	dry (action)	25.7892631950485	55.5296820418834	485	-2.18313957166078	verbs	3	3.77	7.42161520190024
dry	dry (description)	25.4225592657773	55.5296820418834	485	-2.18313957166078	adjectives	3	3.77	7.42161520190024
dryer	dryer	27.2270428573953	30.5990447245582	90	-4.77578485951157	nouns	5	4.79	7.63492063492064
duck	duck	16.4431825793971	-170.79604855832	676	-1.21591190342387	nouns	4	4.86	5.48577878103838
dump	dump	28.8353844388817	1.54140461691128	335	-2.5270024725105	verbs	4	3.93	7.26130653266332
each	each	33.5492623899885	351.984455888487	752	-2.28035179673659	function_words	4	2.03	11.336387434555
ear	ear	17.6623025269928	45.3715612789426	464	-2.2181884763553	nouns	3	5	6.78228782287823
eat	eat	19.7025341870772	-500.283155700693	1963	0.670268096276949	verbs	3	4.44	7.45104751471998
egg	egg	21.5723862190297	-86.1136667021863	597	-1.53121034682207	nouns	3	4.97	8.94121287128713
elephant	elephant	22.1587790754589	-34.7139229932202	644	-1.54053587290639	nouns	8	5	6.96189881324172
empty	empty	25.9058617827626	83.0793958506219	332	-2.91750470794196	adjectives	5	3.43	5.95049504950495
every	every	31.1342146228259	464.799321374755	1054	-1.74266505388596	function_words	5	2.28	12.085626911315
eye	eye	16.6683351722692	31.7659648056453	537	-1.9585718568018	nouns	3	4.9	6.7258064516129
face	face	23.1949857504939	35.8425948712249	888	-1.20647575162812	nouns	4	4.87	7.98837209302326
fall	fall	22.8603189017328	-58.6188754758347	812	-1.17434977654861	verbs	4	4.04	7.26028583802512
farm	farm	27.32052945048	0.0186663853407936	498	-1.97869711678347	other	4	4.59	8.52081316553727
fast	fast	25.2056547090301	88.9111385858442	628	-1.86793013883506	adjectives	4	3.32	7.84488734835355
feed	feed	26.058017335958	-32.8709347200106	596	-1.64999945770938	verbs	4	4.17	7.68432055749129
find	find	25.0085080951054	114.98249590892	1504	-0.434042995963412	verbs	4	2.63	8.04379260483371
fine	fine	29.5267349560553	-50.4719808265944	540	-1.73961161639907	adjectives	4	2.61	5.4969512195122
finger	finger	21.3213869817338	42.2724370796758	573	-1.88983202175344	nouns	6	5	7.47209920283437
finish	finish	27.3917857308553	-16.851082116595	787	-1.29332451377065	verbs	6	2.89	7.88780487804878
fireman	firefighter	27.1810027483045	34.4702917388088	226	-3.26292777508325	other	7	4.87	5.82517482517482
firetruck	firetruck	23.7235572340571	42.6455816060952	117	-4.48810278705979	nouns	9	5	5.97619047619048
first	first	27.6077719852456	181.173385102313	1641	-0.349323715693821	adjectives	5	2.76	9.57468210286582
fish	fish (animal)	18.4344694146413	46.7909522747309	890	-1.22225250437664	nouns	4	5	6.92367105860972
fish	fish (food)	21.6381520203815	46.7909522747309	890	-1.22225250437664	nouns	4	5	6.92367105860972
fit	fit	27.9490662871366	-89.6835636957652	610	-1.49654588491628	verbs	3	2.7	7.22235505080693
fix	fix	24.4257553020153	-72.5352416654933	686	-1.37882926575778	verbs	3	2.93	6.83740701381509
flag	flag	25.7442792882321	73.5395243975645	152	-4.41910991557284	nouns	4	4.79	8.36666666666667
flower	flower	19.9907304350077	52.7859291434972	399	-2.47637941943491	nouns	6	5	6.35828025477707
food	food	22.9279350891687	-144.143981251492	1325	-0.338376078986107	nouns	4	4.8	9.17889994368312
foot	foot	20.480060757476	-138.956635032537	716	-1.20156831371778	nouns	4	4.9	6.50556297285269
for	for	27.9556896387721	517.596247434014	3878	1.49978393870031	function_words	3	1.63	9.09907407407407
fork	fork	21.498177521863	4.68196403117122	309	-2.64982330219684	nouns	4	4.9	6.75378787878788
french	french fries	22.3980017229641	108.900623541865	338	-3.02727537407734	nouns	6	3.99344236760125	7.05524861878453
friend	friend	26.1080279332561	135.064782011726	807	-1.55500608449729	other	6	3.07	8.09505703422053
frog	frog	21.5566507820716	-9.61661438215867	601	-1.69198356740982	nouns	4	5	6.59956395348837
full	full	26.3644162244919	183.420274037741	672	-2.00518223524342	adjectives	4	3.59	7.85288270377734
game	game	25.5185244617431	22.5697984297548	726	-1.48880544734131	nouns	4	4.5	8.52313167259786
garage	garage	25.9556438598484	28.3778869768188	297	-2.81636099128954	nouns	6	4.96	7.55704697986577
garbage	garbage	25.6691055623363	32.8631849638696	332	-2.67281282042154	nouns	7	4.69	7.75581395348837
garden	garden	28.0792706819187	108.856875985858	394	-2.73683467918647	nouns	6	4.73	10.0909090909091
gas	gas station	27.7818677750077	108.854360696313	309	-3.20518678039374	other	3	4.29	7.60726072607261
gentle	gentle	27.5654151847889	-55.6355272042136	208	-2.84127734255407	adjectives	6	2.53	4.25917431192661
get	get	23.4181313339315	20.5959283657257	3387	1.50553202237194	verbs	3	2.38	8.23939060968729
giraffe	giraffe	23.6957077567822	44.2749649866238	307	-2.8458750518027	nouns	7	4.73	5.73732718894009
girl	girl	23.4519323926423	-219.871069714436	1219	-0.374111227453896	other	4	4.85	6.52198443579767
give	give	25.1316714942719	-282.437818720592	1790	0.300182291741649	verbs	4	2.83	8.01883425852498
give	give me five	24.7354718864961	-282.437818720592	1790	0.300182291741649	other	4	2.83	8.01883425852498
glass	glass	24.9806156144341	120.124732458089	557	-2.15966431523941	nouns	5	4.82	9.23781902552204
glasses	glasses	22.7699790677055	98.756306104542	438	-2.50382262673151	nouns	7	4.9	6.85597381342062
gloves	gloves	26.6335009121319	75.3562470562214	192	-3.90828429180685	nouns	6	3.99344236760125	6.64666666666667
glue	glue	28.369447938477	98.0981838812598	226	-3.78902087098003	nouns	4	4.65	8.85207100591716
go	go	19.033864523415	-171.029793543499	3927	2.27397966224073	verbs	2	3.15	7.46610111137124
go	go potty	22.1932456919756	-171.029793543499	3927	2.27397966224073	other	2	3.15	7.46610111137124
gonna	gonna	26.9789161090276	-171.029793543499	3927	2.27397966224073	function_words	5	3.99344236760125	7.46610111137124
gonna	gonna get you	24.229314716363	-171.029793543499	3927	2.27397966224073	other	5	3.99344236760125	7.46610111137124
goose	goose	26.7243217453687	10.3016247340088	237	-3.04118380412347	nouns	5	4.81	5.5546218487395
gotta	gotta	29.8907932905725	283.107760469582	3290	1.16880435563175	function_words	5	3.99344236760125	7.66098311569492
grandma	grandma	17.1929379029731	128.59485335211	661	-1.88541310161541	other	7	4.54	8.04320987654321
grandpa	grandpa	18.204436370195	157.962673550723	464	-2.64227609656146	other	7	4.39	9.06203007518797
grapes	grapes	21.5800613161413	57.5016971408561	212	-3.54364117821894	nouns	6	3.99344236760125	4.97685185185185
grass	grass	22.9171661026694	65.8134599558247	427	-2.41913254524725	nouns	5	4.93	8.39548872180451
green	green	23.8715224388481	-96.2725782729592	990	-0.834357170667803	adjectives	5	4.07	7.20314426633785
green	green beans	26.901733774744	-96.2725782729592	990	-0.834357170667803	nouns	5	4.07	7.20314426633785
grrr	grrr	15.1562746718262	-5.56349056645159	5	-6.97300943684779	other	4	3.99344236760125	1.85714285714286
gum	gum	26.3622317825097	94.1625357194945	317	-3.06384766370068	nouns	3	4.89	6.84240687679083
hafta	hafta	28.5402393648253	35.0526668239249	2240	0.427960150211903	function_words	5	3.99344236760125	8.98307598359941
hair	hair	19.239855657364	-134.18188102301	1054	-0.691544079069071	nouns	4	4.97	7.19107429182255
hamburger	hamburger	24.3367201521803	4.39092604989145	313	-2.63106102574132	nouns	9	5	5.73048327137546
hammer	hammer	25.2456853587539	-1.85981908439925	289	-2.71032955980648	nouns	6	4.77	6.22736418511066
hand	hand	20.7415025838211	-12.6295899259255	1127	-0.758401338425601	nouns	4	4.72	7.68657142857143
happy	happy	23.6577712086192	-35.8632139008174	745	-1.3361810969887	adjectives	5	2.56	7.23727087576375
hard	hard	27.0185380579118	29.4624520706948	1067	-0.906238656196267	adjectives	4	3.76	8.38754554488241
hat	hat	18.0337660638838	-174.524220042852	827	-0.961042227413294	nouns	3	4.88	6.388733379986
hate	hate	32.1542795661842	99.4467003129663	353	-2.89305361207779	verbs	4	1.97	7.1256038647343
have	have	25.3695779387777	280.154642428079	3911	1.76547416129897	verbs	4	2.18	8.96292564519453
he	he	27.3545940392173	29.6360712016976	4151	2.30182034791731	function_words	2	3.93	8.79343182031261
head	head	21.0624711175853	53.7315342229742	1275	-0.647115554748398	nouns	4	4.75	8.07361963190184
hear	hear	26.1548926805679	-189.06259205005	1066	-0.602619336866259	verbs	4	3.66	7.26845965770171
heavy	heavy	24.3545482034007	5.90527285351129	404	-2.28691780850748	adjectives	5	3.37	6.52569169960474
helicopter	helicopter	24.4057826894365	37.1490871566239	172	-3.72042255463728	nouns	10	4.62	6.06629834254144
hello	hello	18.2973834049183	-537.508603128257	578	-0.792401417122398	other	5	2.8	2.46408513154005
help	help	22.2271864838221	-262.959972011683	1266	-0.269120429938847	verbs	4	2.56	7.00350324049746
hen	hen	29.281220100741	41.7488565758449	184	-3.65106142683978	nouns	3	4.9	11.4020618556701
her	her	28.7856879013365	403.371002791806	3090	0.875534045608886	function_words	3	3	9.86232853797257
here	here	24.4288934858829	-285.48472671686	3499	1.92414544528237	function_words	4	3.13	5.79375903708625
hers	hers	30.3352842617107	129.608891599212	261	-3.75413361197959	function_words	4	2.61	8.32571428571429
hide	hide	24.7960092278815	83.5619334687431	431	-2.47161372336189	verbs	4	3.21	7.48177496038035
high	high	25.8665278017462	98.6564352065504	650	-1.83637101654781	adjectives	4	3.46	8.50209907640638
high	high chair	25.1613160093823	98.6564352065504	650	-1.83637101654781	nouns	4	3.46	8.50209907640638
him	him	29.0689752787103	139.257866388655	2682	0.743578622173223	function_words	3	3.54	8.67182032194439
his	his	29.4106098992142	558.234347128626	3090	0.733474942411856	function_words	3	3.14	9.08663795873771
hit	hit	23.9141721820381	61.2820873426209	765	-1.48821250335714	verbs	3	4.11	8.07943094250148
hold	hold	24.5079968958214	-273.00938509652	994	-0.587092581467049	verbs	4	3.68	6.69547424169475
home	home	21.1805240240863	32.6658791323764	1720	-0.0933597308422553	other	4	4.11	10.3078166323832
horse	horse	19.9963120007637	-30.2965217918871	782	-1.27783533672819	nouns	5	5	7.12920268972142
hose	hose	26.507944250778	72.3497796287458	202	-3.77142510908965	nouns	4	4.87	8.87209302325581
hot	hot	17.0720608531419	-183.826080833061	822	-0.954416222351558	adjectives	3	4.31	5.90754257907543
house	house	22.2215993815061	13.6021348005663	1708	-0.0857484528802406	other	5	5	9.03032954214057
how	how	29.1163326139036	-39.3412994490432	3036	1.23197477008291	function_words	3	1.35	7.1909502615757
hug	hug	21.3320622310579	-113.84499662765	290	-2.26734771231338	verbs	3	4.14	5.74031007751938
hungry	hungry	23.7236583391789	-492.504307149224	568	-0.87205007494353	adjectives	6	2.9	8.48591549295775
hurry	hurry	26.5935649757359	-0.438066531256879	347	-2.47161372336189	verbs	5	2.63	5.5958795562599
hurt	hurt (description)	23.9611419127487	-165.553482276737	756	-1.08849396808278	adjectives	4	3.61	6.63434022257552
i	i	23.4366452188574	-81.7197777149649	4634	3.15971165674199	function_words	1	3.99344236760125	8.33846389767648
ice	ice	22.2357680022721	-185.445018699631	915	-0.81391404835586	nouns	3	4.89	7.80821504077318
ice	ice cream	21.4289546688747	-185.445018699631	915	-0.81391404835586	nouns	3	4.89	7.80821504077318
if	if	32.6970983541282	319.238015340422	3016	0.884802878443447	function_words	2	1.19	12.3895917352632
inside	in	23.3239017521762	221.139742946823	1090	-1.17738599662128	function_words	6	3	8.69157254561251
is	is	27.4955674157424	103.682994993452	4410	2.53423464301345	function_words	2	1.59	6.38965795452133
it	it	25.5135935984726	-74.1553275856704	4691	3.25121495282144	function_words	2	2.81	7.34855395459728
jacket	jacket	23.284171662171	65.6401150072568	332	-2.82760970382541	nouns	6	4.86	7.30542986425339
jar	jar	28.0822181968326	109.429895236517	246	-3.70398382829412	nouns	3	5	9.27717391304348
jeans	jeans	27.0112446661402	45.9827049155533	94	-5.04771857499522	nouns	5	5	9.5625
jello	jello	27.4018048577072	62.9170273933112	213	-3.58138150620179	nouns	5	3.99344236760125	6.37980769230769
jelly	jelly	25.8424267303881	58.8460082709144	261	-3.19207183831591	nouns	5	4.93	7.14657980456026
juice	juice	17.1798208129689	-406.181232240157	853	-0.597254778768105	nouns	5	4.89	5.79571984435798
jump	jump	22.5218069763006	-94.528353987214	604	-1.49893966224127	verbs	4	4.52	6.69622528460156
keys	keys	20.6604722917359	-79.6728226333695	472	-1.83553173827781	nouns	4	3.99344236760125	6.01426174496644
kick	kick	23.8760704623872	44.9531404326814	338	-2.70031946621138	verbs	4	4.33	5.79880478087649
kiss	kiss	20.7649581311434	-195.621572098998	491	-1.52381203934062	verbs	4	4.48	5.91093366093366
kitchen	kitchen	23.427015118639	39.0899741243359	634	-1.7289974151573	nouns	7	4.97	10.6598793363499
kitty	kitty	17.0924389894941	-296.62994491775	855	-0.741684700392914	nouns	5	4.97	5.17589210452374
knee	knee	22.1167549049374	28.601744339036	215	-3.29851872018596	nouns	4	5	6.45289855072464
knife	knife	24.5758044034971	30.2749649866238	293	-2.8458750518027	nouns	5	4.9	7.1705069124424
knock	knock	25.0716116649329	-110.890985670141	448	-1.81724361428366	verbs	5	4.24	6.79818780889621
ladder	ladder	26.6229295280207	25.2646084735881	251	-3.04680179642769	nouns	6	5	7.56338028169014
lady	lady	27.201948948368	125.524188701696	806	-1.53679522016559	other	4	4.33	7.48102053515868
lamb	lamb	26.3538661497777	-2.70679284601937	274	-2.77688218031575	nouns	4	4.97	6.69677419354839
lamp	lamp	27.1926724385994	52.5409661055197	141	-4.26495923574558	nouns	4	4.97	7.4
last	last	30.4102306120594	253.382100944212	1439	-0.695024205724285	adjectives	4	3.04	10.5457227138643
later	later	27.0082060441119	-11.817125146412	713	-1.4452824774069	other	5	1.8	7.5854628052243
lawn	lawn mower	26.312567909486	67.1193258225821	138	-4.54947173343608	nouns	4	4.93	10.4683544303797
leg	leg	22.4569143560382	66.2442986503198	489	-2.20474905599363	nouns	3	4.83	7.28033980582524
lemme	lemme	25.8110926811311	-68.5041525530751	355	-2.20232481238213	function_words	5	3.99344236760125	4.50847457627119
lick	lick	26.7997685153943	38.1788544741678	211	-3.39745866804086	verbs	4	4.52	7.076
light	light (object)	19.8950220796536	-105.735016058485	684	-1.31951825248729	nouns	5	4.21	7.68953430145218
like	like (action)	25.2268798151976	453.083981808647	4289	1.97887473849182	verbs	4	1.89	9.07083263962114
lion	lion	22.4257528770418	4.41248071855114	524	-1.91949711839515	nouns	4	4.96	6.625
lips	lips	24.7170673802323	106.16480645523	221	-3.92848699912437	nouns	4	3.99344236760125	7.81632653061224
listen	listen	27.2658271801625	-31.2607443698338	669	-1.49535114164394	verbs	6	3.47	6.90388059701493
little	little (description)	24.7271834471736	351.595279295033	3406	1.21261945429981	adjectives	6	3.67	9.00342315806233
living	living room	26.788114357603	86.3397352443705	435	-2.46687063146588	nouns	6	3.04	11.1056782334385
lollipop	lollipop	26.7161466715049	-57.3320174207412	127	-3.31311751960711	nouns	8	4.96	17.6727941176471
long	long	28.8640687506447	170.98084562075	1267	-0.820276742143689	adjectives	4	3.18	9.31671732522796
look	look	23.3350105963776	-458.680038162795	2925	1.52211341509839	verbs	4	2.96	5.70338240448651
loud	loud	25.8249718755563	62.2146514987663	423	-2.42063743642667	adjectives	4	3.73	8.06475903614458
love	love	22.4654238163016	76.6960547009683	1065	-0.981544889739811	verbs	4	2.07	5.9775
lunch	lunch	23.8394237561961	-10.6060308894751	683	-1.50917763182218	other	5	4.31	7.96489104116223
mad	mad	27.441477507302	-8.46798942702497	385	-2.30285440077029	adjectives	3	2.76	7.34270414993307
mailman	mailman	27.8355787159738	32.4200831670946	143	-3.9772771632938	other	7	4.57	5.45714285714286
make	make	25.9888672226217	134.374851095592	2491	0.571095888122941	verbs	4	2.67	8.40409767898995
man	man	24.7925876678663	153.390486759128	1284	-0.77105245597916	other	3	4.79	7.31886574074074
me	me	21.5418220290778	-158.017670770609	3428	1.72036746564794	function_words	2	4.33	7.46031669980596
meat	meat	25.3524893284585	48.3096252281385	575	-1.90051778683391	nouns	4	4.9	7.19247985675918
medicine	medicine	23.7116414223579	71.5239661927547	326	-2.88823432564184	nouns	8	4.79	6.80048076923077
melon	melon	27.3854008410521	28.9202691905097	63	-5.48493238141796	nouns	5	4.78	7.83870967741935
meow	meow	15.9034545856156	-265.263062277369	113	-2.35647549220939	other	4	3.92	2.8361581920904
milk	milk	17.6397755993127	-245.807329038732	1013	-0.597741278412826	nouns	4	4.92	6.98710462287105
mine	mine	19.5778155557107	-14.6850299346203	839	-1.203795982271	function_words	4	3.56	5.51605709188225
mittens	mittens	27.1969804418621	21.3627892937161	172	-3.5765853339383	nouns	7	3.99344236760125	6.82296650717703
money	money	22.8510089162963	-32.9241866920216	730	-1.37036360673323	nouns	5	4.54	8.01369863013699
monkey	monkey	20.9592227597798	34.7397522434281	511	-2.04059311761178	nouns	6	4.9	5.54067971163749
moo	moo	14.8392172116675	-341.420538987461	199	-1.86446992777017	other	3	3.4	3.37910189982729
moon	moon	20.2970507305504	-267.700891080411	423	-1.51524929589073	nouns	4	4.9	9.52496954933009
moose	moose	28.6592585086942	36.8369016117404	140	-4.06688932198349	nouns	5	4.97	5.4921875
mop	mop	28.4539894179619	46.9009472884923	124	-4.4415827714249	nouns	3	4.97	6.63636363636364
more	more	19.4454325044052	-258.039470400892	2521	0.960019093711609	function_words	4	2.37	7.23110427875993
morning	morning	26.181782363604	176.369927606472	1052	-1.16572531601877	other	7	3.44	9.4461142121082
motorcycle	motorcycle	24.7140718936573	29.7829309516442	256	-3.04398885505108	nouns	10	4.97	5.83707865168539
mouse	mouse	22.5080809013477	45.2694294383026	591	-1.85074758551506	nouns	5	4.83	6.43270868824531
mouth	mouth	19.7388574721101	-269.963535054896	995	-0.589744143825704	nouns	5	4.74	7.95824281921313
movie	movie	26.419027775951	17.1311438152933	534	-1.92682315848722	other	5	4.59	9.10386029411765
much	much	30.2278538418592	-81.1301249984215	1591	-0.109803327777833	function_words	4	1.69	9.25078416728902
muffin	muffin	25.6010548400776	33.3453887904896	238	-3.17591639809362	nouns	6	4.78	6.41666666666667
my	my	24.1440168821229	474.227792365757	3357	1.05488662554197	function_words	2	2.42	8.01873514470802
myself	myself	29.522271892676	159.652902748083	447	-2.72655709642823	function_words	6	2.97	8.79345603271984
nail	nail (object)	27.4061578590345	52.8567038694228	209	-3.52984785608661	nouns	4	4.93	7.89041095890411
nap	nap	22.1160276580658	-67.7175013827958	371	-2.15388060912256	other	3	4.03	8.19492502883506
napkin	napkin	24.1625338611892	-2.97596834936712	267	-2.80967200313874	nouns	6	4.93	6.14
naughty	naughty	31.8286893054411	38.1554302173791	156	-3.89503906505683	adjectives	7	2.04	5.96052631578947
necklace	necklace	25.0626543008622	50.0589592405588	194	-3.63571585716512	nouns	8	4.96	6.45177664974619
need	need	27.3453746100333	109.778640270666	1652	-0.253996282462533	function_words	4	1.69	7.30659075224293
new	new	27.3633945497063	307.359283926414	1375	-0.861542097345115	adjectives	3	2.81	8.75356350966107
next	next to	29.9236994322907	-50.8996089184759	1194	-0.615910204429607	function_words	4	2.56	8.53989098116947
nice	nice	24.7555948716364	-142.985448719831	1663	0.0322613805544967	adjectives	4	2.18	6.17545678372425
night	good night	17.155391927941	119.365560106146	1205	-0.835282382761559	other	5	1.64	8.80160444307313
night	night	23.9867271274572	119.365560106146	1205	-0.835282382761559	other	5	4.52	8.80160444307313
no	no	13.7542360254061	-509.926962676981	3374	2.03079864961938	other	2	2.45	4.37662018335734
noisy	noisy	27.5955833927843	55.1525057590357	208	-3.55762742019368	adjectives	5	3.56	6.27699530516432
none	none	30.3052579746706	67.0229039792577	285	-3.09291947852266	function_words	4	2.59	7.0353982300885
noodles	pasta	21.707245597194	77.3136080988702	219	-3.65622939699822	nouns	7	4.86	6.38341968911917
nose	nose	16.7460238391626	-154.345348444606	844	-0.965952794979975	nouns	4	4.89	5.98417721518987
not	not	27.0437886102297	302.449487474583	3612	1.45128495077295	function_words	3	2.08	7.36328578147045
now	now	25.0060410107426	-31.7849640020131	3082	1.2676017525203	other	3	1.48	7.38744678446295
nurse	nurse	31.1833816847922	82.1780519507261	247	-3.45933407175895	other	5	4.39	8.20425531914894
nuts	nuts	26.6712235972163	74.3136080988702	216	-3.65622939699822	nouns	4	3.99344236760125	7.35751295336788
of	of	31.0948066540316	438.740538701037	4211	1.91126437122106	function_words	2	1.67	11.6757120519367
off	off	21.0434954434745	-62.4035012161985	2052	0.340972564902324	function_words	3	2.79	8.18947468595356
old	old	28.5799843055583	242.112885433697	1277	-0.910221402914577	adjectives	3	2.72	9.21582973062853
on	on	21.2836844220885	182.286152582483	4154	2.12804207871306	function_words	2	3.25	8.42370882666964
on	on top of	28.2037424416728	182.286152582483	4154	2.12804207871306	function_words	2	3.25	8.42370882666964
open	open (action)	21.3549859584424	-333.148850110843	962	-0.550922700848996	verbs	4	3.21	6.34385883445554
orange	orange (description)	23.7746084490992	-90.5857112349838	758	-1.21275661570353	adjectives	6	4.66	5.9995499549955
orange	orange (food)	22.2436501984951	-90.5857112349838	758	-1.21275661570353	nouns	6	4.66	5.9995499549955
other	other	28.1371408802435	248.976433918098	2228	0.208147866879255	function_words	5	2.04	9.75622214976633
ouch	ouch	16.8827890359543	-125.397515142812	130	-2.88343815337835	other	4	2.76	2.29425837320574
out	out	21.532346719375	239.801176149968	3082	1.01776093398879	function_words	3	2.73	9.13136638452237
outside	outside	19.5172749367971	131.246062815775	1038	-1.11303754567449	other	7	4.25	7.46395112016293
oven	oven	26.1326125280185	72.7444297778429	317	-2.94256867660517	nouns	4	4.97	9.01522842639594
over	over	26.60357296667	104.422129490239	2564	0.666838972828944	function_words	4	2.46	8.12936246221489
owie	owie	18.7541505992071	10.1851146705175	90	-4.39713100885407	nouns	4	3.99344236760125	4.43478260869565
owl	owl	23.1503086025409	-123.769004368559	369	-1.99332438879264	nouns	3	4.93	7.63555992141454
paint	paint (action)	25.6155579262558	105.182761052023	494	-2.31904908669027	verbs	5	4.79	7.76598639455782
pajamas	pajamas	22.7582144772468	55.8331649053458	308	-2.90032637140687	nouns	7	4.73	8.2360097323601
pancake	pancake	23.7673280643126	91.0981838812598	219	-3.78902087098003	nouns	7	4.86	10.3195266272189
pants	pants	21.7393830129083	68.6824081876872	622	-1.83134588034513	nouns	5	4.86	7.51044277360067
paper	paper	22.1757429002015	-28.5672360632271	860	-1.14364373941624	nouns	5	4.93	8
park	park	22.605755555326	63.2442986503198	486	-2.20474905599363	other	4	4.74	8.99393203883495
party	party	25.3724583401544	43.8485910964818	618	-1.77925924993819	other	5	3.89	8.8406026962728
pattycake	pattycake	24.8827090068246	-77.4566277781921	111	-3.28412998273386	other	9	3.99344236760125	3.36428571428571
peanut	peanut butter	24.0454864454136	1.32570616841303	500	-1.97676288020364	nouns	6	4.89	6.19806763285024
peas	peas	24.0829841387249	-169.376435151756	593	-1.37141790308814	nouns	4	3.99344236760125	5.66191983122363
peekaboo	peekaboo	18.6207073793091	-514.62792206689	336	-1.20916272144894	other	8	3.23	2.59820627802691
pen	pen	23.2874723546042	22.6257826942156	381	-2.42971465457779	nouns	3	4.92	6.71276595744681
pencil	pencil	24.6325301317338	-17.9861981131041	348	-2.40124831299083	nouns	6	4.88	6.33382570162482
penguin	penguin	26.2246084576381	62.1506786154004	247	-3.30944779071815	nouns	7	5	6.3003663003663
penis	penis	26.3495602299084	46.1094734481273	98	-4.94862767235098	nouns	5	5	6.9622641509434
penny	penny	26.1060647204866	44.8802235378909	242	-3.22518744710041	nouns	5	4.83	6.93602693602694
people	people	26.4455488131503	304.817547064388	1686	-0.443590598585568	other	6	4.82	9.66861313868613
person	person	31.550851630798	247.018666385341	745	-1.97869711678347	other	6	4.72	9.88092933204259
pet's	pet's name	20.7922081429883	127.140180915601	418	-2.71032955980648	other	5	3.99344236760125	8.89738430583501
pick	pick	27.4545533592902	54.5081506755989	1105	-0.886884271504282	verbs	4	3.82	9.11013645224171
pickle	pickle	25.5706070562951	-58.150695843842	143	-3.19860780929569	nouns	6	4.64	16.9770491803279
picnic	picnic	27.8877213415206	-9.29994569732582	292	-2.66316954414974	other	6	4.83	8.37811900191939
picture	picture	23.5148418871978	-20.1548073304605	1071	-0.827292174302036	nouns	7	4.52	8.75114784205693
pig	pig	20.3214216029464	16.6504049747574	677	-1.58003145206423	nouns	3	5	6.65562053281351
pillow	pillow	21.855182434102	28.8631849638696	328	-2.67281282042154	nouns	6	5	6.5
pizza	pizza	21.0358895993256	-208.027928193261	684	-1.13778107605809	nouns	5	5	5.76033402922756
plant	plant	25.9357502002886	125.881541930726	336	-3.14126726268045	nouns	5	4.76	9.68421052631579
plate	plate	23.45212850315	-110.018473782859	621	-1.43286696803997	nouns	5	4.77	7.18508132361189
play	play	22.2431910796771	-385.514239800188	2188	0.771869673180351	verbs	4	3.24	8.69470559129144
play	play dough	26.2338319199084	-385.514239800188	2188	0.771869673180351	nouns	4	3.24	8.69470559129144
play	play pen	31.6735532831569	-385.514239800188	2188	0.771869673180351	nouns	4	3.24	8.69470559129144
playground	playground	27.0753265728386	38.9202691905097	73	-5.48493238141796	other	10	4.77	9.61290322580645
please	please	18.4885022136488	-126.922686877163	1289	-0.401526414484203	other	6	1.64	5.6502699460108
police	police	27.8943907534539	85.6468448818345	308	-3.06671710612863	other	6	4.79	7.83045977011494
pony	pony	27.3170256155248	76.1788544741678	249	-3.39745866804086	nouns	4	4.9	7
pool	pool	23.0325012326589	64.9631339070679	374	-2.62920401499411	nouns	4	4.77	9.05751391465677
poor	poor	31.9459825327274	165.076511494376	606	-2.1469840300635	adjectives	4	2.7	5.55899198167239
popcorn	popcorn	23.4363679721665	78.4005300097865	356	-2.77259032823421	nouns	7	5	8.2441113490364
popsicle	popsicle	25.0300004288249	68.1085187253217	175	-4.0210797859522	nouns	8	4.93	7.1044776119403
porch	porch	29.1929773958654	47.8375419798804	129	-4.3756248036331	nouns	5	4.92	10.0425531914894
potato	chips	23.7886360128086	33.1751495091613	268	-2.99466378848857	nouns	6	4.9	7.82352941176471
potato	potato	24.6581986412089	33.1751495091613	268	-2.99466378848857	nouns	6	4.85	7.82352941176471
potty	potty	20.6763480333963	32.2620381730107	214	-3.33167092750286	nouns	5	4.12	7.72659176029963
pour	pour	27.2187415843344	-46.3986914959557	349	-2.29618326195327	verbs	4	4.14	7.32845744680851
present	present	24.6646271657538	42.4687933852677	385	-2.49081431321851	nouns	7	3.39	8.05331179321486
pretend	pretend	29.3389876784714	-7.29039371077897	941	-1.04494120629861	verbs	7	2.11	7.77777777777778
pretty	pretty	23.9058048731691	22.5788904670158	1605	-0.208629764524956	adjectives	6	2.4	6.26578730420445
pretzel	pretzel	25.4041172190626	33.6015844532283	187	-3.55294357088125	nouns	7	4.74	7.23364485981308
pudding	pudding	28.0601939940169	42.8747017283616	151	-4.00626470016705	nouns	7	4.9	5.45588235294118
pull	pull	25.5250662124824	-157.804278390789	732	-1.14154598324524	verbs	4	3.97	7.00167644593462
pumpkin	pumpkin	24.9465310790952	49.0283044213034	407	-2.4312355674185	nouns	7	4.9	7.00152207001522
puppy	puppy	20.2674401441911	33.0779077307543	539	-1.9566761216369	nouns	5	4.78	6.33617424242424
purse	purse	24.2669769339244	59.0864187896812	246	-3.29490207971577	nouns	5	4.9	7.49458483754513
push	push	24.0195964269704	-314.986849101796	694	-0.94956184388676	verbs	4	4.21	6.06883431338637
put	put	26.1323749721843	-534.721665668925	2803	1.47810500026147	verbs	3	2.5	8.50173982052378
puzzle	puzzle	23.7505982795248	-5.62867704001502	484	-2.0022045655495	nouns	6	4.75	7.76214073339941
quack	quack quack	16.8949608166996	-366.545515638908	138	-1.96047119260545	other	5	3.93	4.6967680608365
quiet	quiet	26.0439664647123	23.2442986503198	446	-2.20474905599363	adjectives	5	2.76	6.45388349514563
radio	radio	26.6469919896523	59.831112413635	230	-3.41766137535838	nouns	5	4.74	7.68571428571429
rain	rain	21.6842509857961	-3.5312066147323	339	-2.49081431321851	nouns	4	4.97	8.1437802907916
raisin	raisin	23.5035997857801	55.5827655663405	146	-4.23678835877889	nouns	6	4.97	5.90740740740741
read	read	22.0447452907092	-574.306799375992	1077	-0.132462907559106	verbs	4	3.56	8.26569900687548
red	red	23.471446443224	-144.128883965835	1145	-0.558614150024013	adjectives	3	4.24	7.04515676181563
refrigerator	refrigerator	25.0850208725784	53.9263131525176	323	-2.81412635348812	nouns	12	5	8.05803571428571
ride	ride	23.6203399878432	-38.8266843771548	695	-1.42727411229797	verbs	4	3.75	8.81372002230898
rip	rip	29.7825420035147	65.7934751572465	229	-3.4721822142368	verbs	3	3.79	7.66379310344828
rock	rock (object)	21.5341383258782	64.3054569721351	457	-2.30553536752355	nouns	4	4.91	7.28724832214765
rocking	rocking chair	25.9813607322392	44.7652695648557	165	-3.86906357865357	nouns	7	3.37	6.80769230769231
roof	roof	28.1320805770059	52.854360696313	253	-3.20518678039374	nouns	4	4.79	7.71947194719472
room	room	24.147753027114	-32.4851788518711	1073	-0.806691627553382	nouns	4	4.79	9.95052473763118
rooster	rooster	27.1326966547453	-32.313768781767	218	-2.91010640046051	nouns	7	4.75	5.06388206388206
run	run	23.1465580774624	116.357340134236	744	-1.65279080634666	verbs	3	4.31	9.54227812718379
sad	sad	25.7480618687211	26.2048301777614	408	-2.34384374530349	adjectives	3	3.07	7.05299860529986
salt	salt	27.7024053492569	39.9531404326814	333	-2.70031946621138	nouns	4	4.89	7.16334661354582
same	same	29.9198550274839	219.314477134376	1144	-1.08334033923314	function_words	4	2.64	9.93752471332543
sandbox	sandbox	26.6840394926118	43.9823489862398	157	-3.94910628632711	nouns	7	4.86	7.19444444444444
sandwich	sandwich	24.0995003798162	-29.9780850216726	460	-2.0012139760678	nouns	8	4.9	7.63465346534653
sauce	sauce	27.2655267548993	94.8465588460508	300	-3.17271639536295	nouns	5	4.75	7.56869009584665
say	say	26.5167215836032	-169.542183256716	2574	0.927574245112901	verbs	3	2.58	6.40308066906627
scared	scared	25.8764466594404	30.9313889473436	494	-2.07944314767426	adjectives	6	2.5	8.2644539614561
scarf	scarf	30.6185909352367	50.5843460924953	127	-4.45301146724852	nouns	5	4.97	7.93103448275862
school	school	23.1080940009269	2.29356101753797	1359	-0.473652134058458	other	6	4.79	9.13389211261552
scissors	scissors	25.1212138811243	57.6500590424788	231	-3.39346664677132	nouns	8	4.85	7.27490039840637
see	see	22.3150284542603	-165.236579857228	3471	1.7709322289041	verbs	3	3.21	6.4092192766694
shake	shake	26.6729783574924	-286.51762153524	350	-1.63272787120072	verbs	5	4.07	5.26027397260274
share	share	25.7901250658914	47.4474622628139	403	-2.44040994369454	verbs	5	2.96	7.33794162826421
she	she	28.2875930756058	56.0759456300757	3662	1.74033777167208	function_words	3	3.36	10.0512856639662
sheep	sheep	22.9386156313223	-115.384524111584	432	-1.84649768536574	nouns	5	4.9	5.50720949957591
shh	shh	18.3756419158097	-64.7456736740396	246	-2.62181026596917	other	3	3.99344236760125	3.83425414364641
shirt	shirt	21.2781820720137	3.7281187509559	673	-1.56072583317007	nouns	5	4.94	7.59974506054812
shoe	shoe	15.3830858630975	-104.24480666053	516	-1.66970452878872	nouns	4	4.97	5.83368869936034
shopping	shopping	25.2570118223976	56.616606446327	278	-3.07248081084538	other	8	3.44	8.89884393063584
shorts	shorts	24.3334987104489	88.2594337304226	197	-3.99893866007498	nouns	6	4.82	6.8029197080292
shoulder	shoulder	26.6676155144682	39.4910603169101	147	-4.01364480746468	nouns	8	4.93	7.81481481481481
shovel	shovel	25.2784846196761	53.3900361971275	176	-3.84374577066928	nouns	6	4.97	6.94375
show	show	26.5466342231415	-16.8943085811065	1314	-0.505754464910916	verbs	4	3.97	7.81313803817133
shower	shower	23.4469921793784	55.1218099330159	229	-3.38949049839168	nouns	6	4.89	7.57142857142857
sick	sick	25.8829938942219	52.6010953988407	488	-2.16431548641514	adjectives	4	2.97	7.22610722610723
sidewalk	sidewalk	26.9159360151764	81.8739670406424	180	-4.13142784312106	nouns	8	4.96	10.7083333333333
sing	sing	23.9140182415306	-54.6791972837258	614	-1.56200134354709	verbs	4	4.34	6.57817485641353
sink	sink	24.798071035689	43.464406544191	274	-3.01902223232061	nouns	4	4.74	7.86849315068493
sister	sister	26.6843030486711	151.481358138966	741	-1.74190081999321	other	6	4	8.72880061115355
skate	skate	29.5612940158825	49.3498170467586	95	-5.11225709613279	verbs	5	4.56	9.06666666666667
sky	sky	23.6726378284377	48.4554993747479	338	-2.71638406871518	nouns	3	4.45	8.41093117408907
sled	sled	29.3991735459172	39.5395243975645	118	-4.41910991557284	nouns	4	5	6.81111111111111
sleep	sleep	22.3900918431936	-35.4116917923304	806	-1.22543794506793	verbs	5	4.44	8.70191431175934
sleepy	sleepy	24.93629394331	-55.1700586880878	289	-2.48437306711565	adjectives	6	2.77	4.93097913322632
slide	slide (action)	23.7710604223948	-10.2901223595009	424	-2.16781811696635	verbs	5	4.48	7.57426900584795
slide	slide (object)	22.5141272189578	-10.2901223595009	424	-2.16781811696635	nouns	5	4.48	7.57426900584795
slipper	slipper	26.0586122299839	42.6373510029256	135	-4.20938938459077	nouns	7	4.86	7.02702702702703
slow	slow	27.9908566118252	-1.15918058525068	280	-2.75560478186847	adjectives	4	3.28	5.58526315789474
smile	smile	26.1684386996829	71.0864187896812	258	-3.29490207971577	verbs	5	4.5	6.97472924187726
snack	snack	23.4574433942142	54.5645668032283	355	-2.66701570273722	other	5	4.36	8.33526011560694
sneaker	sneaker	29.0791595550361	12.7708633433679	35	-6.02854782800694	nouns	7	4.69	5.88888888888889
snow	snow	24.5259873438693	123.218638369565	570	-2.1288223503892	nouns	4	4.85	8.30708661417323
snowman	snowman	26.5954837365427	57.5403165051431	233	-3.37765604074468	nouns	7	4.64	6.50588235294118
snowsuit	snowsuit	32.6374136043963	18.7944062209467	36	-6.35397022844157	nouns	8	5	6.46153846153846
so	so	30.9774762132951	270.813346859521	3567	1.43860099199338	function_words	2	1.42	10.0705553615089
so	so big	26.0596553603961	270.813346859521	3567	1.43860099199338	other	2	1.42	10.0705553615089
soap	soap	22.0913032603705	59.2224856539684	310	-2.90765241149894	nouns	4	4.93	7.22058823529412
sock	sock	20.1317201844394	20.0136438437185	280	-2.85979639032131	nouns	4	4.91	5.85514018691589
soda	soda	25.7629859757651	46.3652748656501	245	-3.21513711124691	nouns	4	4.97	6.14666666666667
sofa	sofa	29.6654349492179	48.6722936746635	111	-4.71422696651214	nouns	4	4.9	8.50746268656716
soft	soft	25.5107238083848	30.1101667150239	535	-1.95952107376913	adjectives	4	3.88	6
some	some	25.6173799874418	75.9919915772471	3051	1.13947550282937	function_words	4	2.48	8.00612393473513
soup	soup	24.3870691209858	-5.96052423993456	516	-1.9131305666496	nouns	4	4.72	6.0271985494107
spill	spill	25.8785711928272	-21.48349913373	272	-2.69832941580337	verbs	5	4.07	6.59443339960239
splash	splash	24.8685491402743	-39.383393553673	182	-3.07248081084538	verbs	6	4.19	6.86416184971098
spoon	spoon	19.5817835787395	-248.381436409125	721	-1.01126799119202	nouns	5	4.96	6.19757174392936
sprinkler	sprinkler	28.233725390144	5.56167549205282	48	-5.2053475191988	nouns	9	4.89	10.3658536585366
squirrel	squirrel	24.4601189755204	68.6500590424788	242	-3.39346664677132	nouns	8	4.89	7.33864541832669
stairs	stairs	24.3989185946782	33.3440151826619	353	-2.58386533440505	nouns	6	5	9.10106382978723
stand	stand	25.6846746543002	-74.3245173165575	674	-1.39868502942848	verbs	5	4.16	7.15121951219512
star	star	21.982189821793	67.1401809156008	358	-2.71032955980648	nouns	4	4.69	6.69014084507042
stay	stay	25.7782496329281	4.3121454641514	966	-1.02348357896014	verbs	4	2.15	8.13072625698324
stick	stick	23.8755934902205	18.902122805642	649	-1.64721587901574	nouns	5	4.59	7.52328005559416
sticky	sticky	25.6663657892932	73.2620381730107	255	-3.33167092750286	adjectives	6	3.59	6.25093632958801
stone	stone	29.8035399421415	74.8369016117404	178	-4.06688932198349	nouns	5	4.72	10.578125
stop	stop	22.1683461773482	-148.331235876361	1021	-0.717259395094426	verbs	4	3.68	5.70386619139018
store	store	23.1803751151719	8.17913432114358	691	-1.53182935024635	other	5	4.5	9.91888544891641
story	story	24.2505841456936	-311.930586872906	858	-0.716437139326569	nouns	5	3.3	8.79424657534246
stove	stove	25.7312144027704	1.7264830685649	318	-2.59815129165252	nouns	5	4.96	7.92985611510791
strawberry	strawberry	23.5842645287786	48.0801161908474	342	-2.69634331783174	nouns	10	5	6.18650793650794
street	street	24.932433042721	189.2137931194	653	-2.07730410942551	nouns	6	4.75	10.0576923076923
stroller	stroller	24.6811117042286	59.3613932520571	179	-3.87549446898386	nouns	8	4.96	8.95483870967742
stuck	stuck	25.1393942345636	50.3477795465866	574	-1.90860771859588	adjectives	5	3.55	6.78519855595668
sun	sun	22.4585180929889	-14.2791479546711	475	-2.00319613727179	nouns	3	4.83	9.88988095238095
sweater	sweater	23.8104715543039	-22.365694197592	253	-2.78335469482137	nouns	7	4.78	7.16883116883117
sweep	sweep	25.7727188623623	37.6373510029256	130	-4.20938938459077	verbs	5	3.72	6.93693693693694
swim	swim	24.020672600298	36.4687359310409	390	-2.4481200821205	verbs	4	4.43	7.69040247678019
swing	swing (action)	22.4823102469747	47.643985860023	342	-2.69436115662775	verbs	5	4.54	7.35445544554455
swing	swing (object)	21.336115513406	47.643985860023	342	-2.69436115662775	nouns	5	4.54	7.35445544554455
table	table	23.0393046230983	-94.993540191472	972	-0.862492818380123	nouns	5	4.9	8.41154090044388
take	take	26.1765140847927	-130.879725912263	2207	0.553554254678482	verbs	4	3.06	8.51327229360622
talk	talk	25.401230351108	-127.694705174606	1170	-0.547677449971173	verbs	4	4.07	8.35732469335802
tape	tape	25.5274688507798	-44.1826148317194	937	-0.992678062732144	nouns	4	4.9	8.50740339472734
taste	taste	27.2147368515157	-63.5936138514893	531	-1.72975184748278	verbs	5	4.07	6.02867924528302
teacher	teacher	27.6117160191633	70.4483346015433	546	-2.04265497401234	other	7	4.52	7.60061919504644
tear	tear	28.9166503894193	68.3032160014381	249	-3.33918975991688	verbs	4	4.56	8.76981132075472
teddybear	teddybear	22.6319402488549	5.12200352300236	18	-6.72169500856689	nouns	9	3.99344236760125	5.77777777777778
telephone	telephone	20.6637882623066	2.77494629114091	459	-2.09999552062758	nouns	9	4.96	6.2
thank	thank you	17.6287073363617	-576.01915437925	520	-0.820276742143689	other	5	3	3.8483282674772
that	that	23.1749912042701	32.7230879182589	4763	3.18617182977295	function_words	4	1.54	6.91934841528846
the	the	26.9353709169613	45.8097079744703	4923	3.47836002400899	function_words	3	1.43	9.05863501581717
them	them	30.2566994243348	219.973987862614	2810	0.787031244032587	function_words	4	3.04	9.83015534572038
then	then	31.0604392722763	274.22752408223	2951	0.866516144856885	function_words	4	1.44	11.632870083835
there	there	24.9123678755668	-67.8214687575769	3876	2.09680369999141	function_words	5	2.2	7.02891998092827
these	these	28.2995866701262	7.51606632090215	2306	0.516562340049959	function_words	5	2.03	8.26243512974052
they	they	29.8866249557394	222.187786201699	3825	1.73720971897861	function_words	4	2.93	8.98004805427306
think	think	29.3606990695377	38.0186110088289	3329	1.43366711176125	verbs	5	2.41	9.15505137532708
thirsty	thirsty	25.2475925304567	-71.4663004187781	215	-2.73065546282052	adjectives	7	3.86	4.94866529774127
this	this	24.1063743893533	-33.6424036138369	4134	2.35794171497674	function_words	4	2.14	6.97310473199701
this	this little piggy	26.0641439159574	-33.6424036138369	4134	2.35794171497674	other	4	2.14	6.97310473199701
those	those	29.3802934700776	178.25193315343	2429	0.471489807813737	function_words	5	2.32	7.57863526267435
throw	throw	23.9029139914545	-160.826080833061	845	-0.954416222351558	verbs	5	4.04	6.79735835940216
tickle	tickle	22.7490019704617	-264.266073693413	256	-1.91767396383363	verbs	6	3.85	4.47814207650273
tiger	tiger	23.3161795357267	48.9697318576212	396	-2.47319976651753	nouns	5	5	5.72063492063492
tights	tights	30.5683817890684	43.0601635839429	78	-5.45318368310338	nouns	6	4.62	7.90625
time	time	29.9028185661428	140.428706869037	2184	0.271932109489214	other	4	3.07	10.2968287957581
tiny	tiny	29.5649916583451	132.81127371615	573	-2.1492776090506	adjectives	4	3.11	10.6739380022962
tired	tired	25.1994645029162	-53.1054365835348	573	-1.65629098492886	adjectives	5	3	5.89200561009818
tissue	tissue	24.2734461706281	33.7934751572465	197	-3.4721822142368	nouns	6	4.93	7.28879310344828
to	to	26.9570119254486	328.866445212454	4703	2.62559175162631	function_words	2	1.55	10.421445804145
toast	toast	22.8955954825286	63.3446472306007	403	-2.50218730339078	nouns	5	4.93	6.77450980392157
today	today	28.2689941789845	273.104665644241	1795	-0.277210519789301	other	5	2.57	8.12307963976691
toe	toe	20.4642329503398	33.4754706234139	281	-2.92495815859654	nouns	3	4.93	6.44887780548628
tomorrow	tomorrow	28.3015612067138	9.86249545332316	731	-1.45269202968763	other	8	2.04	7.97482837528604
tongue	tongue	22.7598818441191	36.0801161908474	330	-2.69634331783174	nouns	6	4.93	6.19642857142857
tonight	tonight	29.8446768452106	193.685899077961	717	-1.90951065319447	other	7	2.93	8.13188798554652
too	too	25.3550621723555	447.989083704437	3004	0.755783535428726	function_words	3	1.7	7.39176618478944
tooth	tooth	21.2847917624268	119.449732164298	312	-3.25595910576716	nouns	5	4.89	8.86111111111111
toothbrush	toothbrush	21.0858165133855	62.5758139562295	184	-3.85632455287614	nouns	10	5	6.78481012658228
touch	touch	25.2884083119069	-113.927058582854	696	-1.28216747346733	verbs	5	3.86	6.44573082489146
towel	towel	22.5810308976164	-17.2141454114231	310	-2.55244913817167	nouns	5	4.86	6.43298969072165
toy	toy (object)	20.976160033826	12.1604412594401	851	-1.23000624903831	nouns	3	4.93	8.19184981684982
tractor	tractor	24.8793170546914	33.7343491755552	301	-2.82309502347088	nouns	7	5	6.17567567567568
train	train	20.5810557817159	4.42681207626856	696	-1.51342392270363	nouns	5	4.79	7.95866261398176
trash	trash	23.9248874339421	-21.9325074457322	261	-2.74721898849219	nouns	5	4.7	7.08350730688935
tray	tray	30.896515248987	63.3632376488208	233	-3.4217513606099	nouns	4	4.74	7.4672131147541
tree	tree	19.7074234662797	47.4298594961838	815	-1.36144668428836	nouns	4	5	8.01827676240209
tricycle	tricycle	28.3256902991813	56.4966383786011	139	-4.35457139443527	nouns	8	4.68	7.64583333333333
truck	truck	18.5486451207434	-110.798603242314	866	-0.999563395242489	nouns	5	4.84	7.27963636363636
try	try	27.7244727382533	-232.53842572899	1318	-0.24455172011487	function_words	3	2.22	7.30302512391044
tummy	tummy	21.0077443797103	52.5219482369037	393	-2.49892465775596	nouns	5	4.68	7.03583061889251
tuna	tuna	29.6080954514292	55.0122794759062	195	-3.67189551374262	nouns	4	4.89	5.87368421052632
turkey	turkey	26.029042768137	54.3970824641473	336	-2.75350173167169	nouns	6	4.89	5.83193277310924
turn	turn around	25.5897975245246	-519.02018892134	1182	-0.0786289168141333	other	4	3.44	6.52569856667149
turtle	turtle	22.2400112507191	70.5372224644663	474	-2.26864053731568	nouns	6	5	6.72703751617076
tv	tv	21.2103782726331	74.2309956314408	567	-1.99332438879264	nouns	2	5	7.92337917485265
uh	uh oh	8.48967099581248	355.031713082058	2714	0.573285973203293	other	2	3.99344236760125	7.1688292094146
uncle	uncle	25.4677474759681	156.640115007257	423	-2.82760970382541	other	5	4.24	7.97058823529412
under	under	26.1089336599852	132.372699096729	1011	-1.1605861184122	function_words	5	3.45	7.53225117471166
underpants	underpants	26.9588379835253	47.1935132504897	88	-5.25535793977346	nouns	10	4.89	7.1025641025641
up	up	18.4573448334433	109.872966793486	3426	1.45753594784277	function_words	2	3.83	8.44022433400841
vacuum	vacuum	23.9393394917969	58.7237212464894	193	-3.7259627350129	nouns	6	4.22	7.98333333333333
vagina	vagina	30.5665704459528	7.84560419790672	24	-6.43401293611511	nouns	6	4.82	7.25
vanilla	vanilla	30.1112902362273	32.256740823712	179	-3.6106518885019	nouns	7	4.68	6.65346534653465
vitamins	vitamins	26.6763481838205	56.9916515528534	150	-4.20042071460801	nouns	8	4.5	7.52678571428571
vroom	vroom	16.1464933473871	-148.022048280716	68	-3.10478905407804	other	5	3.99344236760125	3.31044776119403
wait	wait	25.6989347568289	-543.261214543271	1030	-0.218904962651263	verbs	4	2.68	6.06346826586707
wake	wake	26.0964094549338	23.4671304109161	320	-2.68450886018473	verbs	4	3.11	8.66666666666667
walk	walk	22.1438015680206	-2.46711349525583	787	-1.3200191290317	verbs	4	4.07	8.37124248496994
walker	walker	32.6559976661469	45.825169981773	100	-4.89356789516796	nouns	6	4.42	7.60714285714286
wanna	wanna	24.5366414480313	-567.873290324009	2792	1.49927604391323	function_words	5	3.99344236760125	7.59549353016765
was	was	30.0694477316615	387.894437604617	3720	1.47274912891446	function_words	3	1.69	10.1747936293614
wash	wash	23.1881255207057	-83.50400758109	613	-1.50314261048771	verbs	4	4.35	7.53910950661853
washing	washing machine	26.5529323490828	82.1780519507261	247	-3.45933407175895	nouns	7	4.44	6.9063829787234
watch	watch (action)	25.2182657448064	-124.675704635515	1250	-0.451547089470825	verbs	5	4.61	5.57136850956485
watch	watch (object)	23.8238557428633	-124.675704635515	1250	-0.451547089470825	nouns	5	4.61	5.57136850956485
water	water (beverage)	18.6405011305402	-140.049932003116	1342	-0.323284968180306	nouns	5	5	8.24611686390532
water	water (not beverage)	19.1568412161098	-140.049932003116	1342	-0.323284968180306	nouns	5	5	8.24611686390532
we	we	29.0518599262761	20.5944365132923	4032	2.17308189589641	function_words	2	3.08	9.25917067820364
were	were	31.7706749785518	505.025219180704	2580	0.302657417999064	function_words	4	1.48	10.3715020270938
wet	wet (description)	22.0223710165644	-3.08278264965861	539	-1.86016143338444	adjectives	3	4.46	6.9475494411006
what	what	23.292034267962	-549.723744484921	4135	3.10462948242836	function_words	4	2	5.4031614386106
when	when (question)	30.2377078039709	529.973987862614	3120	0.787031244032587	function_words	4	1.6	12.0313128236369
where	where (question)	24.8523886991739	-174.892873003192	3092	1.41088090725402	function_words	5	1.66	5.45550404805432
which	which (question)	32.1521684896655	228.455723823519	1571	-0.491213560988405	function_words	5	1.54	8.27012248468941
white	white	26.2131990565648	157.862495453323	879	-1.45269202968763	adjectives	5	3.89	7.87070938215103
who	who	27.4167224925126	-245.942399237734	2638	1.05595796271969	function_words	3	1.74	5.51517690875233
wind	wind	25.4464937127423	92.8568759858585	378	-2.73683467918647	nouns	4	3.93	9.84917355371901
window	window	24.338064833451	11.6010818545733	543	-1.88806210978699	nouns	6	4.86	8.35720601237843
windy	windy	26.6230670109497	22.5990447245582	82	-4.77578485951157	adjectives	5	3.86	7.42857142857143
wipe	wipe	25.1786192803833	-67.8449966276496	336	-2.26734771231338	verbs	4	4	6.59043927648579
wish	wish	31.2445062501974	112.40133256569	424	-2.61813379123986	verbs	4	1.77	9.28073394495413
with	with	27.1922006473004	468.060380897319	3944	1.61152192445817	function_words	4	2	9.702521502217
wolf	wolf	27.8585959869075	98.5170969066663	288	-3.27701251496499	nouns	4	4.79	7.86879432624113
woods	woods	31.4356671827301	66.4200831670946	177	-3.9772771632938	other	5	4.87	11.5071428571429
woof	woof woof	13.6859645798917	-306.631897579607	115	-2.20839647645068	other	4	3.9	3.78197320341047
work	work (action)	24.3413489129445	22.5803347662127	1082	-0.873651869295303	verbs	4	3.48	8.24623276691247
work	work (place)	23.4205061925569	22.5803347662127	1082	-0.873651869295303	other	4	3.48	8.24623276691247
would	would	32.6533471412078	143.758957242389	2589	0.653560769442867	function_words	5	1.12	10.4865636313005
write	write	26.3486998599453	-155.066857522321	749	-1.11752826561162	verbs	5	4.22	8.13134206219313
yard	yard	26.8697386282537	93.4307025565134	307	-3.11982693144258	other	4	4.82	10.0666666666667
yellow	yellow	23.6980173175167	-112.728899741728	817	-1.07507094775063	adjectives	6	4.3	6.33607843137255
yesterday	yesterday	31.0355039778348	279.618259798385	914	-1.63753392233282	other	9	3	8.29112181693049
yogurt	yogurt	23.0912527492651	67.4978155836108	228	-3.4939695684217	nouns	6	4.9	6.18942731277533
you	you	23.504786757988	-153.132879252318	4895	3.89962691705067	function_words	3	4.11	7.50514094927344
your	your	28.24022250286	154.760846966085	4008	1.99751342854404	function_words	4	2.37	7.34653375458474
yourself	yourself	32.1598308881501	78.2528319156961	816	-1.41949629531088	function_words	8	4.39	7.33923630326508
yucky	yucky	21.4838211225525	9.29320715398063	286	-2.77688218031575	adjectives	5	1.86	4.26451612903226
yum	yum yum	14.6866837523493	-523.025199366006	185	-1.47936027676979	other	3	3.99344236760125	4.1069330199765
zebra	zebra	24.5075119065468	-59.467989427025	334	-2.30285440077029	nouns	5	4.86	5.19946452476573
zipper	zipper	24.2705770590605	1.0405052805975	161	-3.49838458663082	nouns	6	4.83	5.73451327433628
zoo	zoo	25.1382353098226	-63.4191443547238	540	-1.70883995773232	other	3	4.81	9.17590539541759
